{
  "pr_sum": {
    "mean": 2.9554853460123374,
    "std": 8.366309847430283,
    "min": 0.0,
    "max": 102.5,
    "p95": 11.399999618530273,
    "p99": 41.4049997329703
  },
  "vpd_sum": {
    "mean": 3.290222438137048,
    "std": 2.3878719343666646,
    "min": 0.12999999523162842,
    "max": 15.979999542236328,
    "p95": 7.204999804496765,
    "p99": 11.9399995803833
  },
  "srad_sum": {
    "mean": 666.8457305607348,
    "std": 352.93965802695584,
    "min": 79.19999694824219,
    "max": 1744.400146484375,
    "p95": 1291.39990234375,
    "p99": 1577.7500488281248
  },
  "gdd_sum": {
    "mean": 34.444084561678764,
    "std": 20.958775563004092,
    "min": 1.7500091552734602,
    "max": 110.30003356933605,
    "p95": 69.50000534057628,
    "p99": 91.58499832153326
  },
  "etr_sum": {
    "mean": 17.3938826418381,
    "std": 10.60622165193109,
    "min": 1.399999976158142,
    "max": 61.30000305175781,
    "p95": 34.5,
    "p99": 50.69999694824219
  },
  "avg_humidity_avg": {
    "mean": 59.84498562479324,
    "std": 11.089322029302126,
    "min": 25.624999046325684,
    "max": 86.94999694824219,
    "p95": 75.94999694824219,
    "p99": 77.4000015258789
  }
}